{
  "token_acc":1.0,
  "token_p":1.0,
  "token_r":1.0,
  "token_f":1.0,
  "cats_score":0.8264705882,
  "cats_score_desc":"macro F",
  "cats_micro_p":0.8305084746,
  "cats_micro_r":0.8305084746,
  "cats_micro_f":0.8305084746,
  "cats_macro_p":0.8248847926,
  "cats_macro_r":0.8464373464,
  "cats_macro_f":0.8264705882,
  "cats_macro_auc":0.8452088452,
  "cats_f_per_type":{
    "positive":{
      "p":0.7142857143,
      "r":0.9090909091,
      "f":0.8
    },
    "negative":{
      "p":0.935483871,
      "r":0.7837837838,
      "f":0.8529411765
    }
  },
  "cats_auc_per_type":{
    "positive":0.8452088452,
    "negative":0.8452088452
  },
  "speed":5065.9460308435
}