{
  "token_acc":1.0,
  "token_p":1.0,
  "token_r":1.0,
  "token_f":1.0,
  "cats_score":0.8994875838,
  "cats_score_desc":"macro F",
  "cats_micro_p":0.9019607843,
  "cats_micro_r":0.9019607843,
  "cats_micro_f":0.9019607843,
  "cats_macro_p":0.8951863354,
  "cats_macro_r":0.910483871,
  "cats_macro_f":0.8994875838,
  "cats_macro_auc":0.9822580645,
  "cats_f_per_type":{
    "positive":{
      "p":0.8260869565,
      "r":0.95,
      "f":0.8837209302
    },
    "negative":{
      "p":0.9642857143,
      "r":0.8709677419,
      "f":0.9152542373
    }
  },
  "cats_auc_per_type":{
    "positive":0.9822580645,
    "negative":0.9822580645
  },
  "speed":5358.4688645157
}