{
  "token_acc":1.0,
  "token_p":1.0,
  "token_r":1.0,
  "token_f":1.0,
  "sents_p":1.0,
  "sents_r":1.0,
  "sents_f":1.0,
  "spans_sc_p":0.3411764706,
  "spans_sc_r":0.3085106383,
  "spans_sc_f":0.3240223464,
  "spans_sc_per_type":{
    "sent_core reference":{
      "p":0.2325581395,
      "r":0.243902439,
      "f":0.2380952381
    },
    "sent_emissions":{
      "p":0.28,
      "r":0.3181818182,
      "f":0.2978723404
    },
    "sent_location":{
      "p":0.3650793651,
      "r":0.5348837209,
      "f":0.4339622642
    },
    "sent_effect":{
      "p":0.4285714286,
      "r":0.3,
      "f":0.3529411765
    },
    "sent_cause":{
      "p":0.4482758621,
      "r":0.325,
      "f":0.3768115942
    },
    "sent_technology":{
      "p":0.3714285714,
      "r":0.2708333333,
      "f":0.313253012
    },
    "sent_status":{
      "p":0.1111111111,
      "r":0.037037037,
      "f":0.0555555556
    },
    "sent_financial information":{
      "p":0.6666666667,
      "r":0.4,
      "f":0.5
    },
    "sent_timeline":{
      "p":0.2352941176,
      "r":0.4444444444,
      "f":0.3076923077
    },
    "sent_carbon investment":{
      "p":0.0,
      "r":0.0,
      "f":0.0
    }
  },
  "speed":5089.24286644
}