{
  "token_acc":1.0,
  "token_p":1.0,
  "token_r":1.0,
  "token_f":1.0,
  "spans_sc_p":0.6992481203,
  "spans_sc_r":0.6992481203,
  "spans_sc_f":0.6992481203,
  "spans_sc_per_type":{
    "negative":{
      "p":0.8,
      "r":0.6315789474,
      "f":0.7058823529
    },
    "positive":{
      "p":0.6164383562,
      "r":0.7894736842,
      "f":0.6923076923
    }
  },
  "speed":1499.1875295686
}