{
  "token_acc":1.0,
  "token_p":1.0,
  "token_r":1.0,
  "token_f":1.0,
  "spans_sc_p":0.671641791,
  "spans_sc_r":0.6766917293,
  "spans_sc_f":0.6741573034,
  "spans_sc_per_type":{
    "negative":{
      "p":0.6860465116,
      "r":0.7763157895,
      "f":0.7283950617
    },
    "positive":{
      "p":0.6458333333,
      "r":0.5438596491,
      "f":0.5904761905
    }
  },
  "speed":1480.3317305074
}