{
  "token_acc":1.0,
  "token_p":1.0,
  "token_r":1.0,
  "token_f":1.0,
  "spans_sc_p":0.6766917293,
  "spans_sc_r":0.6766917293,
  "spans_sc_f":0.6766917293,
  "spans_sc_per_type":{
    "negative":{
      "p":0.7222222222,
      "r":0.6842105263,
      "f":0.7027027027
    },
    "positive":{
      "p":0.6229508197,
      "r":0.6666666667,
      "f":0.6440677966
    }
  },
  "speed":1502.7123383124
}