{
  "token_acc":1.0,
  "token_p":1.0,
  "token_r":1.0,
  "token_f":1.0,
  "spans_sc_p":0.7118644068,
  "spans_sc_r":0.6315789474,
  "spans_sc_f":0.6693227092,
  "spans_sc_per_type":{
    "DATE negative":{
      "p":0.8333333333,
      "r":0.7692307692,
      "f":0.8
    },
    "FAC negative":{
      "p":0.0,
      "r":0.0,
      "f":0.0
    },
    "GPE positive":{
      "p":0.7777777778,
      "r":0.5384615385,
      "f":0.6363636364
    },
    "GPE negative":{
      "p":0.6904761905,
      "r":0.8787878788,
      "f":0.7733333333
    },
    "PRODUCT positive":{
      "p":0.5,
      "r":0.5,
      "f":0.5
    },
    "DATE positive":{
      "p":0.5714285714,
      "r":0.7272727273,
      "f":0.64
    },
    "MONEY negative":{
      "p":0.0,
      "r":0.0,
      "f":0.0
    },
    "PERCENT positive":{
      "p":0.5,
      "r":0.5,
      "f":0.5
    },
    "QUANTITY positive":{
      "p":0.7272727273,
      "r":1.0,
      "f":0.8421052632
    },
    "MONEY positive":{
      "p":0.6,
      "r":0.5,
      "f":0.5454545455
    },
    "PERCENT negative":{
      "p":0.0,
      "r":0.0,
      "f":0.0
    },
    "QUANTITY negative":{
      "p":0.0,
      "r":0.0,
      "f":0.0
    },
    "PRODUCT negative":{
      "p":0.0,
      "r":0.0,
      "f":0.0
    },
    "FAC positive":{
      "p":0.0,
      "r":0.0,
      "f":0.0
    }
  },
  "speed":1505.0031103068
}