{
  "token_acc":1.0,
  "token_p":1.0,
  "token_r":1.0,
  "token_f":1.0,
  "ents_p":0.2461538462,
  "ents_r":0.3418803419,
  "ents_f":0.2862254025,
  "ents_per_type":{
    "GPE negative":{
      "p":0.3278688525,
      "r":0.5882352941,
      "f":0.4210526316
    },
    "QUANTITY negative":{
      "p":0.0666666667,
      "r":0.2,
      "f":0.1
    },
    "DATE negative":{
      "p":0.2962962963,
      "r":0.2857142857,
      "f":0.2909090909
    },
    "TECHWORD negative":{
      "p":0.1142857143,
      "r":0.16,
      "f":0.1333333333
    },
    "TECHWORD positive":{
      "p":0.2794117647,
      "r":0.3958333333,
      "f":0.3275862069
    },
    "DATE positive":{
      "p":0.2307692308,
      "r":0.2727272727,
      "f":0.25
    },
    "GPE positive":{
      "p":0.3571428571,
      "r":0.3846153846,
      "f":0.3703703704
    },
    "FAC negative":{
      "p":0.25,
      "r":0.25,
      "f":0.25
    },
    "PRODUCT positive":{
      "p":0.0,
      "r":0.0,
      "f":0.0
    },
    "MONEY positive":{
      "p":0.5,
      "r":0.1666666667,
      "f":0.25
    },
    "QUANTITY positive":{
      "p":0.3846153846,
      "r":0.625,
      "f":0.4761904762
    },
    "PERCENT positive":{
      "p":0.1666666667,
      "r":0.5,
      "f":0.25
    },
    "MONEY negative":{
      "p":0.1,
      "r":0.25,
      "f":0.1428571429
    },
    "PERCENT negative":{
      "p":0.3333333333,
      "r":0.3333333333,
      "f":0.3333333333
    },
    "FAC positive":{
      "p":0.2,
      "r":0.5,
      "f":0.2857142857
    },
    "PRODUCT negative":{
      "p":0.0,
      "r":0.0,
      "f":0.0
    }
  },
  "speed":5685.0950516101
}