{
  "token_acc":1.0,
  "token_p":1.0,
  "token_r":1.0,
  "token_f":1.0,
  "ents_p":0.2056737589,
  "ents_r":0.2478632479,
  "ents_f":0.2248062016,
  "ents_per_type":{
    "MONEY negative":{
      "p":0.0769230769,
      "r":0.25,
      "f":0.1176470588
    },
    "MONEY positive":{
      "p":0.1428571429,
      "r":0.1666666667,
      "f":0.1538461538
    },
    "TECHWORD positive":{
      "p":0.35,
      "r":0.1458333333,
      "f":0.2058823529
    },
    "DATE negative":{
      "p":0.1272727273,
      "r":0.25,
      "f":0.1686746988
    },
    "GPE negative":{
      "p":0.2465753425,
      "r":0.5294117647,
      "f":0.3364485981
    },
    "TECHWORD negative":{
      "p":0.1836734694,
      "r":0.18,
      "f":0.1818181818
    },
    "GPE positive":{
      "p":0.375,
      "r":0.2307692308,
      "f":0.2857142857
    },
    "DATE positive":{
      "p":0.0,
      "r":0.0,
      "f":0.0
    },
    "PRODUCT positive":{
      "p":0.0,
      "r":0.0,
      "f":0.0
    },
    "FAC negative":{
      "p":0.0,
      "r":0.0,
      "f":0.0
    },
    "QUANTITY positive":{
      "p":0.3888888889,
      "r":0.875,
      "f":0.5384615385
    },
    "PERCENT positive":{
      "p":0.0714285714,
      "r":0.5,
      "f":0.125
    },
    "QUANTITY negative":{
      "p":0.0,
      "r":0.0,
      "f":0.0
    },
    "PERCENT negative":{
      "p":0.0,
      "r":0.0,
      "f":0.0
    },
    "PRODUCT negative":{
      "p":0.0,
      "r":0.0,
      "f":0.0
    },
    "FAC positive":{
      "p":0.3333333333,
      "r":0.5,
      "f":0.4
    }
  },
  "speed":4106.8147478691
}