{
  "token_acc":1.0,
  "token_p":1.0,
  "token_r":1.0,
  "token_f":1.0,
  "spans_sc_p":0.8691756272,
  "spans_sc_r":0.8319039451,
  "spans_sc_f":0.8501314636,
  "spans_sc_per_type":{
    "GPE negative":{
      "p":0.8713692946,
      "r":0.976744186,
      "f":0.9210526316
    },
    "QUANTITY negative":{
      "p":0.7391304348,
      "r":0.6296296296,
      "f":0.68
    },
    "MONEY negative":{
      "p":0.8181818182,
      "r":0.9,
      "f":0.8571428571
    },
    "DATE negative":{
      "p":0.9408284024,
      "r":0.9814814815,
      "f":0.9607250755
    },
    "PERCENT negative":{
      "p":0.9622641509,
      "r":0.9444444444,
      "f":0.953271028
    },
    "PRODUCT negative":{
      "p":0.8571428571,
      "r":0.4615384615,
      "f":0.6
    },
    "DATE positive":{
      "p":0.5,
      "r":0.0909090909,
      "f":0.1538461538
    },
    "PRODUCT positive":{
      "p":0.0,
      "r":0.0,
      "f":0.0
    },
    "GPE positive":{
      "p":0.5714285714,
      "r":0.1538461538,
      "f":0.2424242424
    },
    "FAC negative":{
      "p":0.6666666667,
      "r":0.32,
      "f":0.4324324324
    },
    "PERCENT positive":{
      "p":0.0,
      "r":0.0,
      "f":0.0
    },
    "MONEY positive":{
      "p":0.0,
      "r":0.0,
      "f":0.0
    },
    "QUANTITY positive":{
      "p":0.25,
      "r":0.25,
      "f":0.25
    },
    "FAC positive":{
      "p":0.0,
      "r":0.0,
      "f":0.0
    }
  },
  "speed":1517.459081584
}