{
  "token_acc":1.0,
  "token_p":1.0,
  "token_r":1.0,
  "token_f":1.0,
  "sents_p":0.4917293233,
  "sents_r":0.4684813754,
  "sents_f":0.4798239178,
  "spans_sc_p":0.125,
  "spans_sc_r":0.008,
  "spans_sc_f":0.015037594,
  "spans_sc_per_type":{
    "relevant":{
      "p":0.125,
      "r":0.008,
      "f":0.015037594
    }
  },
  "speed":17717.6307592629
}