{
  "token_acc":1.0,
  "token_p":1.0,
  "token_r":1.0,
  "token_f":1.0,
  "sents_p":0.4917293233,
  "sents_r":0.4684813754,
  "sents_f":0.4798239178,
  "spans_sc_p":0.2083333333,
  "spans_sc_r":0.04,
  "spans_sc_f":0.067114094,
  "spans_sc_per_type":{
    "relevant":{
      "p":0.2083333333,
      "r":0.04,
      "f":0.067114094
    }
  },
  "speed":18276.8223876646
}