{
  "token_acc":1.0,
  "token_p":1.0,
  "token_r":1.0,
  "token_f":1.0,
  "sents_p":1.0,
  "sents_r":1.0,
  "sents_f":1.0,
  "spans_sc_p":0.3846153846,
  "spans_sc_r":0.2482269504,
  "spans_sc_f":0.3017241379,
  "spans_sc_per_type":{
    "sent_status":{
      "p":0.375,
      "r":0.1111111111,
      "f":0.1714285714
    },
    "sent_technology":{
      "p":0.4444444444,
      "r":0.1666666667,
      "f":0.2424242424
    },
    "sent_emissions":{
      "p":0.4545454545,
      "r":0.2272727273,
      "f":0.303030303
    },
    "sent_effect":{
      "p":0.52,
      "r":0.325,
      "f":0.4
    },
    "sent_location":{
      "p":0.4,
      "r":0.511627907,
      "f":0.4489795918
    },
    "sent_cause":{
      "p":0.4782608696,
      "r":0.275,
      "f":0.3492063492
    },
    "sent_core reference":{
      "p":0.0967741935,
      "r":0.0731707317,
      "f":0.0833333333
    },
    "sent_financial information":{
      "p":0.5,
      "r":0.2,
      "f":0.2857142857
    },
    "sent_timeline":{
      "p":0.4285714286,
      "r":0.3333333333,
      "f":0.375
    },
    "sent_carbon investment":{
      "p":0.0,
      "r":0.0,
      "f":0.0
    }
  },
  "speed":4878.6534757243
}