{
  "token_acc":1.0,
  "token_p":1.0,
  "token_r":1.0,
  "token_f":1.0,
  "sents_p":1.0,
  "sents_r":1.0,
  "sents_f":1.0,
  "spans_sc_p":0.3098591549,
  "spans_sc_r":0.0780141844,
  "spans_sc_f":0.1246458924,
  "spans_sc_per_type":{
    "sent_timeline":{
      "p":0.1111111111,
      "r":0.2222222222,
      "f":0.1481481481
    },
    "sent_technology":{
      "p":0.6,
      "r":0.0625,
      "f":0.1132075472
    },
    "sent_status":{
      "p":0.3333333333,
      "r":0.037037037,
      "f":0.0666666667
    },
    "sent_emissions":{
      "p":0.5384615385,
      "r":0.3181818182,
      "f":0.4
    },
    "sent_effect":{
      "p":0.1,
      "r":0.025,
      "f":0.04
    },
    "sent_cause":{
      "p":0.3333333333,
      "r":0.075,
      "f":0.1224489796
    },
    "sent_location":{
      "p":0.4545454545,
      "r":0.1162790698,
      "f":0.1851851852
    },
    "sent_core reference":{
      "p":0.0,
      "r":0.0,
      "f":0.0
    },
    "sent_financial information":{
      "p":0.0,
      "r":0.0,
      "f":0.0
    },
    "sent_carbon investment":{
      "p":0.0,
      "r":0.0,
      "f":0.0
    }
  },
  "cats_score":0.4583333333,
  "cats_score_desc":"macro F",
  "cats_micro_p":0.8461538462,
  "cats_micro_r":0.8461538462,
  "cats_micro_f":0.8461538462,
  "cats_macro_p":0.4230769231,
  "cats_macro_r":0.5,
  "cats_macro_f":0.4583333333,
  "cats_macro_auc":0.7727272727,
  "cats_f_per_type":{
    "positive":{
      "p":0.8461538462,
      "r":1.0,
      "f":0.9166666667
    },
    "negative":{
      "p":0.0,
      "r":0.0,
      "f":0.0
    }
  },
  "cats_auc_per_type":{
    "positive":0.7727272727,
    "negative":0.7727272727
  },
  "speed":12270.2620115597
}