{
  "token_acc":1.0,
  "token_p":1.0,
  "token_r":1.0,
  "token_f":1.0,
  "sents_p":1.0,
  "sents_r":1.0,
  "sents_f":1.0,
  "spans_sc_p":0.2945736434,
  "spans_sc_r":0.134751773,
  "spans_sc_f":0.1849148418,
  "spans_sc_per_type":{
    "sent_cause":{
      "p":0.3,
      "r":0.075,
      "f":0.12
    },
    "sent_technology":{
      "p":0.3513513514,
      "r":0.2708333333,
      "f":0.3058823529
    },
    "sent_status":{
      "p":0.1538461538,
      "r":0.0740740741,
      "f":0.1
    },
    "sent_location":{
      "p":0.3333333333,
      "r":0.0930232558,
      "f":0.1454545455
    },
    "sent_effect":{
      "p":0.3333333333,
      "r":0.15,
      "f":0.2068965517
    },
    "sent_core reference":{
      "p":0.0,
      "r":0.0,
      "f":0.0
    },
    "sent_emissions":{
      "p":0.7,
      "r":0.3181818182,
      "f":0.4375
    },
    "sent_timeline":{
      "p":0.0869565217,
      "r":0.2222222222,
      "f":0.125
    },
    "sent_financial information":{
      "p":0.25,
      "r":0.1,
      "f":0.1428571429
    },
    "sent_carbon investment":{
      "p":0.0,
      "r":0.0,
      "f":0.0
    }
  },
  "speed":17085.915226387
}