{
  "token_acc":1.0,
  "token_p":1.0,
  "token_r":1.0,
  "token_f":1.0,
  "cats_score":0.7963800905,
  "cats_score_desc":"macro F",
  "cats_micro_p":0.8,
  "cats_micro_r":0.8,
  "cats_micro_f":0.8,
  "cats_macro_p":0.7946127946,
  "cats_macro_r":0.8,
  "cats_macro_f":0.7963800905,
  "cats_macro_auc":0.8697142857,
  "cats_f_per_type":{
    "positive":{
      "p":0.7407407407,
      "r":0.8,
      "f":0.7692307692
    },
    "negative":{
      "p":0.8484848485,
      "r":0.8,
      "f":0.8235294118
    }
  },
  "cats_auc_per_type":{
    "positive":0.8708571429,
    "negative":0.8685714286
  },
  "speed":5003.2435717015
}