{
  "token_acc":1.0,
  "token_p":1.0,
  "token_r":1.0,
  "token_f":1.0,
  "cats_score":0.4257486879,
  "cats_score_desc":"macro F",
  "cats_micro_p":0.4833333333,
  "cats_micro_r":0.4833333333,
  "cats_micro_f":0.4833333333,
  "cats_macro_p":0.6388888889,
  "cats_macro_r":0.5514285714,
  "cats_macro_f":0.4257486879,
  "cats_macro_auc":0.606,
  "cats_f_per_type":{
    "positive":{
      "p":0.4444444444,
      "r":0.96,
      "f":0.6075949367
    },
    "negative":{
      "p":0.8333333333,
      "r":0.1428571429,
      "f":0.243902439
    }
  },
  "cats_auc_per_type":{
    "positive":0.6131428571,
    "negative":0.5988571429
  },
  "speed":1267.3305368727
}