{
  "token_acc":1.0,
  "token_p":1.0,
  "token_r":1.0,
  "token_f":1.0,
  "cats_score":0.8215783454,
  "cats_score_desc":"macro F",
  "cats_micro_p":0.8269230769,
  "cats_micro_r":0.8269230769,
  "cats_micro_f":0.8269230769,
  "cats_macro_p":0.841307815,
  "cats_macro_r":0.818452381,
  "cats_macro_f":0.8215783454,
  "cats_macro_auc":0.9404761905,
  "cats_f_per_type":{
    "positive":{
      "p":0.8947368421,
      "r":0.7083333333,
      "f":0.7906976744
    },
    "negative":{
      "p":0.7878787879,
      "r":0.9285714286,
      "f":0.8524590164
    }
  },
  "cats_auc_per_type":{
    "positive":0.9404761905,
    "negative":0.9404761905
  },
  "speed":4790.3200421033
}