{
  "token_acc":1.0,
  "token_p":1.0,
  "token_r":1.0,
  "token_f":1.0,
  "cats_score":0.8292824074,
  "cats_score_desc":"macro F",
  "cats_micro_p":0.8305084746,
  "cats_micro_r":0.8305084746,
  "cats_micro_f":0.8305084746,
  "cats_macro_p":0.84375,
  "cats_macro_r":0.8648648649,
  "cats_macro_f":0.8292824074,
  "cats_macro_auc":0.9484029484,
  "cats_f_per_type":{
    "positive":{
      "p":0.6875,
      "r":1.0,
      "f":0.8148148148
    },
    "negative":{
      "p":1.0,
      "r":0.7297297297,
      "f":0.84375
    }
  },
  "cats_auc_per_type":{
    "positive":0.9484029484,
    "negative":0.9484029484
  },
  "speed":6161.1353399289
}