{
  "token_acc":1.0,
  "token_p":1.0,
  "token_r":1.0,
  "token_f":1.0,
  "cats_score":0.7802197802,
  "cats_score_desc":"macro F",
  "cats_micro_p":0.8,
  "cats_micro_r":0.8,
  "cats_micro_f":0.8,
  "cats_macro_p":0.8248974008,
  "cats_macro_r":0.7714285714,
  "cats_macro_f":0.7802197802,
  "cats_macro_auc":0.7714285714,
  "cats_f_per_type":{
    "positive":{
      "p":0.8823529412,
      "r":0.6,
      "f":0.7142857143
    },
    "negative":{
      "p":0.7674418605,
      "r":0.9428571429,
      "f":0.8461538462
    }
  },
  "cats_auc_per_type":{
    "positive":0.7714285714,
    "negative":0.7714285714
  },
  "speed":5436.4070651616
}