{
  "token_acc":1.0,
  "token_p":1.0,
  "token_r":1.0,
  "token_f":1.0,
  "cats_score":0.3780487805,
  "cats_score_desc":"macro F",
  "cats_micro_p":0.6078431373,
  "cats_micro_r":0.6078431373,
  "cats_micro_f":0.6078431373,
  "cats_macro_p":0.3039215686,
  "cats_macro_r":0.5,
  "cats_macro_f":0.3780487805,
  "cats_macro_auc":0.5967741935,
  "cats_f_per_type":{
    "positive":{
      "p":0.0,
      "r":0.0,
      "f":0.0
    },
    "negative":{
      "p":0.6078431373,
      "r":1.0,
      "f":0.756097561
    }
  },
  "cats_auc_per_type":{
    "positive":0.5967741935,
    "negative":0.5967741935
  },
  "speed":6090.8229674427
}