{
  "token_acc":1.0,
  "token_p":1.0,
  "token_r":1.0,
  "token_f":1.0,
  "cats_score":0.893115942,
  "cats_score_desc":"macro F",
  "cats_micro_p":0.8983050847,
  "cats_micro_r":0.8983050847,
  "cats_micro_f":0.8983050847,
  "cats_macro_p":0.8880952381,
  "cats_macro_r":0.9004914005,
  "cats_macro_f":0.893115942,
  "cats_macro_auc":0.9447174447,
  "cats_f_per_type":{
    "positive":{
      "p":0.8333333333,
      "r":0.9090909091,
      "f":0.8695652174
    },
    "negative":{
      "p":0.9428571429,
      "r":0.8918918919,
      "f":0.9166666667
    }
  },
  "cats_auc_per_type":{
    "positive":0.9447174447,
    "negative":0.9447174447
  },
  "speed":568.9376010585
}