{
  "token_acc":1.0,
  "token_p":1.0,
  "token_r":1.0,
  "token_f":1.0,
  "cats_score":0.35,
  "cats_score_desc":"macro F",
  "cats_micro_p":0.5384615385,
  "cats_micro_r":0.5384615385,
  "cats_micro_f":0.5384615385,
  "cats_macro_p":0.2692307692,
  "cats_macro_r":0.5,
  "cats_macro_f":0.35,
  "cats_macro_auc":0.4832589286,
  "cats_f_per_type":{
    "positive":{
      "p":0.0,
      "r":0.0,
      "f":0.0
    },
    "negative":{
      "p":0.5384615385,
      "r":1.0,
      "f":0.7
    }
  },
  "cats_auc_per_type":{
    "positive":0.4836309524,
    "negative":0.4828869048
  },
  "speed":4851.9955444648
}