{
  "token_acc":1.0,
  "token_p":1.0,
  "token_r":1.0,
  "token_f":1.0,
  "cats_score":0.6184284907,
  "cats_score_desc":"macro F",
  "cats_micro_p":0.6666666667,
  "cats_micro_r":0.6666666667,
  "cats_micro_f":0.6666666667,
  "cats_macro_p":0.7083333333,
  "cats_macro_r":0.635,
  "cats_macro_f":0.6184284907,
  "cats_macro_auc":0.774,
  "cats_f_per_type":{
    "positive":{
      "p":0.7777777778,
      "r":0.35,
      "f":0.4827586207
    },
    "negative":{
      "p":0.6388888889,
      "r":0.92,
      "f":0.7540983607
    }
  },
  "cats_auc_per_type":{
    "positive":0.774,
    "negative":0.774
  },
  "speed":6128.69268563
}