{
  "token_acc":1.0,
  "token_p":1.0,
  "token_r":1.0,
  "token_f":1.0,
  "cats_score":0.7743589744,
  "cats_score_desc":"macro F",
  "cats_micro_p":0.7884615385,
  "cats_micro_r":0.7884615385,
  "cats_micro_f":0.7884615385,
  "cats_macro_p":0.8315315315,
  "cats_macro_r":0.7738095238,
  "cats_macro_f":0.7743589744,
  "cats_macro_auc":0.9285714286,
  "cats_f_per_type":{
    "positive":{
      "p":0.9333333333,
      "r":0.5833333333,
      "f":0.7179487179
    },
    "negative":{
      "p":0.7297297297,
      "r":0.9642857143,
      "f":0.8307692308
    }
  },
  "cats_auc_per_type":{
    "positive":0.9285714286,
    "negative":0.9285714286
  },
  "speed":4712.227005848
}